Obs,deathdate,totaldeaths,agedeaths1,agedeaths2,agedeaths3,agedeaths4,racedeaths1,racedeaths2,racedeaths3,racedeaths4,racedeaths5,racedeaths6,racedeaths7,raceagedeaths1,raceagedeaths2,raceagedeaths3,raceagedeaths4,raceagedeaths5,raceagedeaths6,raceagedeaths7,raceagedeaths8,raceagedeaths9,raceagedeaths10,raceagedeaths11,raceagedeaths12,raceagedeaths13,raceagedeaths14,raceagedeaths15,raceagedeaths16,raceagedeaths17,raceagedeaths18,raceagedeaths19,raceagedeaths20,cumuldeaths
1,3/9/2020,1,1,1,1,1,2,1,1,1,1,1,1,.,.,1,1,1,1,1,1,1,1,1,1,1,1,1,2,1,1,1,1,1
2,3/13/2020,3,1,3,1,2,1,1,1,1,1,3,1,.,.,1,1,1,1,1,1,1,1,1,1,2,1,1,1,1,1,1,2,4
3,3/15/2020,1,1,2,1,1,1,1,1,1,1,1,2,.,.,.,1,1,1,1,1,1,1,1,1,1,1,2,1,1,1,1,1,5
4,3/16/2020,3,1,1,2,3,1,2,1,2,1,2,1,.,.,.,1,1,1,1,1,1,1,1,1,1,1,2,1,2,1,2,2,8
5,3/17/2020,3,1,1,2,3,1,4,3,2,1,2,1,.,.,.,.,1,1,.,1,1,1,1,1,1,1,1,1,3,2,1,2,11
6,3/18/2020,3,1,1,1,3,1,2,3,1,2,1,3,.,.,.,.,1,1,.,1,1,1,1,1,2,2,2,1,1,1,1,1,14
7,3/19/2020,5,1,1,3,5,1,2,2,1,1,5,1,.,.,.,.,1,1,.,1,1,1,1,1,1,2,1,1,2,1,1,5,19
8,3/20/2020,1,1,1,2,1,1,1,1,2,1,1,1,.,.,.,.,.,1,.,.,1,1,.,1,1,3,1,1,1,6,1,1,20
9,3/21/2020,6,1,1,2,5,1,1,6,2,2,2,1,.,.,.,.,.,1,.,.,1,1,.,1,1,1,2,1,1,2,1,1,26
10,3/22/2020,4,1,1,4,3,1,1,3,2,1,2,2,.,.,.,.,.,.,.,.,1,1,.,1,1,1,2,1,1,1,2,2,30
11,3/23/2020,6,1,1,4,6,1,1,1,3,2,4,1,.,.,.,.,.,.,.,.,1,1,.,1,1,3,4,1,2,1,2,4,36
12,3/24/2020,7,1,1,2,5,1,2,2,3,2,6,2,.,.,.,.,.,.,.,.,1,1,.,1,1,3,1,1,1,1,2,4,43
13,3/25/2020,16,1,1,4,14,1,1,3,3,3,13,2,.,.,.,.,.,.,.,.,1,1,.,1,2,2,3,1,1,2,3,11,59
14,3/26/2020,4,1,1,4,3,1,1,2,4,1,4,3,.,.,.,.,.,.,.,.,2,1,.,1,1,1,3,1,3,2,2,3,63
15,3/27/2020,10,1,1,4,7,1,3,2,3,1,6,2,.,.,.,.,.,.,.,.,1,1,.,1,1,2,2,1,1,1,3,4,73
16,3/28/2020,12,.,1,8,10,1,1,2,5,1,8,1,.,.,.,.,.,.,.,.,1,1,.,1,1,2,3,1,2,3,3,8,85
17,3/29/2020,11,.,1,3,9,1,2,4,6,1,7,1,.,.,.,.,.,.,.,.,1,1,.,1,1,1,2,1,1,3,3,6,96
18,3/30/2020,20,.,1,3,16,1,1,3,4,1,13,1,.,.,.,.,.,.,.,.,1,1,.,1,1,2,1,1,1,1,4,12,116
19,3/31/2020,15,.,1,4,10,1,1,2,3,2,8,1,.,.,.,.,.,.,.,.,1,1,.,.,2,2,3,1,3,1,2,5,131
20,4/1/2020,30,.,1,6,28,1,3,1,8,2,24,1,.,.,.,.,.,.,.,.,1,1,.,.,1,2,1,1,3,2,6,22,161
21,4/2/2020,22,.,1,5,18,1,3,2,8,1,12,3,.,.,.,.,.,.,.,.,1,2,.,.,1,2,1,1,1,4,5,12,183
22,4/3/2020,20,.,1,4,16,1,1,4,7,1,16,1,.,.,.,.,.,.,.,.,1,1,.,.,1,1,3,1,1,2,4,12,203
23,4/4/2020,29,.,1,6,25,1,1,2,5,1,16,1,.,.,.,.,.,.,.,.,1,1,.,.,1,4,2,1,1,3,3,15,232
24,4/5/2020,34,.,1,3,26,1,1,3,10,2,21,1,.,.,.,.,.,.,.,.,1,2,.,.,1,2,1,1,1,3,9,18,266
25,4/6/2020,29,.,1,2,26,1,1,4,8,1,22,3,.,.,.,.,.,.,.,.,1,1,.,.,1,4,1,.,2,4,6,19,295
26,4/7/2020,29,.,1,5,23,1,1,4,3,1,21,2,.,.,.,.,.,.,.,.,1,1,.,.,1,1,2,.,1,1,3,19,324
27,4/8/2020,35,.,1,4,29,1,3,1,7,2,21,1,.,.,.,.,.,.,.,.,1,2,.,.,1,1,1,.,1,2,5,20,359
28,4/9/2020,38,.,1,3,32,1,1,1,5,1,23,1,.,.,.,.,.,.,.,.,1,1,.,.,1,3,4,.,1,3,3,20,397
29,4/10/2020,33,.,1,3,28,1,1,2,6,1,23,1,.,.,.,.,.,.,.,.,1,1,.,.,1,4,1,.,1,4,6,21,430
30,4/11/2020,33,.,1,3,29,1,1,3,8,1,23,1,.,.,.,.,.,.,.,.,1,1,.,.,1,1,3,.,1,1,5,22,463
31,4/12/2020,36,.,1,3,30,1,1,4,5,1,21,1,.,.,.,.,.,.,.,.,1,1,.,.,1,2,1,.,1,2,3,18,499
32,4/13/2020,37,.,1,5,34,1,1,1,5,1,24,1,.,.,.,.,.,.,.,.,1,1,.,.,1,1,1,.,1,3,4,23,536
33,4/14/2020,34,.,3,3,31,2,1,1,8,1,27,1,.,.,.,.,.,.,.,.,1,1,.,.,1,1,2,.,1,1,6,25,570
34,4/15/2020,32,.,1,6,27,1,1,4,5,1,23,1,.,.,.,.,.,.,.,.,1,1,.,.,1,1,2,.,1,1,5,20,602
35,4/16/2020,34,.,1,2,29,1,1,3,4,1,20,1,.,.,.,.,.,.,.,.,1,1,.,.,1,4,2,.,1,1,2,18,636
36,4/17/2020,38,.,1,6,38,1,1,2,9,1,24,1,.,.,.,.,.,.,.,.,1,1,.,.,1,1,1,.,1,1,8,24,674
37,4/18/2020,25,.,2,2,21,1,1,1,6,1,13,2,.,.,.,.,.,.,.,.,1,2,.,.,1,1,1,.,1,1,6,12,699
38,4/19/2020,34,.,1,6,31,1,1,2,6,1,22,1,.,.,.,.,.,.,.,.,1,1,.,.,1,2,1,.,1,3,2,21,733
39,4/20/2020,35,.,2,2,31,1,1,1,6,1,25,1,.,.,.,.,.,.,.,.,1,1,.,.,1,1,4,.,1,1,4,23,768
40,4/21/2020,38,.,1,4,35,.,1,1,7,1,27,1,.,.,.,.,.,.,.,.,1,1,.,.,1,2,1,.,1,1,3,26,806
41,4/22/2020,39,.,1,4,34,.,1,1,7,1,24,1,.,.,.,.,.,.,.,.,.,1,.,.,1,2,2,.,1,2,6,20,845
42,4/23/2020,23,.,1,1,20,.,1,1,6,1,16,1,.,.,.,.,.,.,.,.,.,2,.,.,1,1,1,.,2,1,5,15,868
43,4/24/2020,36,.,2,6,28,.,1,2,7,1,23,1,.,.,.,.,.,.,.,.,.,1,.,.,1,1,1,.,2,1,6,19,904
44,4/25/2020,31,.,2,5,29,.,1,1,4,1,20,1,.,.,.,.,.,.,.,.,.,1,.,.,1,2,1,.,1,1,3,19,935
45,4/26/2020,31,.,1,2,25,.,1,1,12,1,20,1,.,.,.,.,.,.,.,.,.,1,.,.,1,1,2,.,1,1,9,19,966
46,4/27/2020,20,.,1,3,18,.,1,3,7,1,9,1,.,.,.,.,.,.,.,.,.,1,.,.,1,2,2,.,1,1,3,9,986
47,4/28/2020,33,.,1,2,27,.,1,1,3,1,20,1,.,.,.,.,.,.,.,.,.,1,.,.,1,1,1,.,1,1,2,18,1019
48,4/29/2020,26,.,1,1,23,.,2,1,5,1,15,1,.,.,.,.,.,.,.,.,.,1,.,.,1,1,1,.,1,1,3,15,1045
49,4/30/2020,30,.,2,5,26,.,2,1,4,1,20,2,.,.,.,.,.,.,.,.,.,1,.,.,1,1,1,.,1,1,3,18,1075
50,5/1/2020,34,.,3,2,29,.,1,1,4,1,23,3,.,.,.,.,.,.,.,.,.,1,.,.,1,1,1,.,1,1,3,21,1109
51,5/2/2020,23,.,2,1,21,.,1,2,3,1,14,1,.,.,.,.,.,.,.,.,.,.,.,.,1,1,2,.,1,1,2,14,1132
52,5/3/2020,26,.,2,1,20,.,1,1,4,1,11,3,.,.,.,.,.,.,.,.,.,.,.,.,1,1,1,.,3,1,4,10,1158
53,5/4/2020,24,.,1,5,18,.,1,1,2,2,15,2,.,.,.,.,.,.,.,.,.,.,.,.,1,1,1,.,1,1,2,15,1182
54,5/5/2020,18,.,1,1,16,.,1,1,7,1,10,2,.,.,.,.,.,.,.,.,.,.,.,.,.,1,1,.,1,1,7,10,1200
55,5/6/2020,19,.,1,4,16,.,1,1,1,3,12,3,.,.,.,.,.,.,.,.,.,.,.,.,.,2,1,.,1,1,1,11,1219
56,5/7/2020,15,.,2,1,13,.,1,1,1,2,9,3,.,.,.,.,.,.,.,.,.,.,.,.,.,1,1,.,1,1,3,8,1234
57,5/8/2020,15,.,1,3,14,.,1,1,8,3,11,1,.,.,.,.,.,.,.,.,.,.,.,.,.,1,1,.,1,1,2,11,1249
58,5/9/2020,23,.,1,2,17,.,3,1,3,1,19,3,.,.,.,.,.,.,.,.,.,.,.,.,.,1,1,.,1,1,4,15,1272
59,5/10/2020,10,.,1,2,10,.,1,1,5,2,10,3,.,.,.,.,.,.,.,.,.,.,.,.,.,1,1,.,2,1,9,10,1282
60,5/11/2020,10,.,1,1,8,.,1,1,2,1,7,2,.,.,.,.,.,.,.,.,.,.,.,.,.,1,1,.,1,1,1,7,1292
61,5/12/2020,17,.,1,2,16,.,1,2,1,2,12,3,.,.,.,.,.,.,.,.,.,.,.,.,.,1,1,.,1,2,4,11,1309
62,5/13/2020,9,.,2,3,9,.,1,1,10,2,6,9,.,.,.,.,.,.,.,.,.,.,.,.,.,1,1,.,1,2,1,6,1318
63,5/14/2020,20,.,1,3,19,.,1,1,2,1,11,2,.,.,.,.,.,.,.,.,.,.,.,.,.,1,1,.,1,1,2,11,1338
64,5/15/2020,15,.,1,2,10,.,1,1,6,1,10,3,.,.,.,.,.,.,.,.,.,.,.,.,.,1,1,.,1,1,1,8,1353
65,5/16/2020,11,.,1,2,10,.,1,1,1,1,9,2,.,.,.,.,.,.,.,.,.,.,.,.,.,1,1,.,2,1,2,9,1364
66,5/17/2020,17,.,1,2,12,.,2,1,2,1,8,2,.,.,.,.,.,.,.,.,.,.,.,.,.,1,1,.,3,1,2,8,1381
67,5/18/2020,9,.,1,2,8,.,1,1,2,3,5,4,.,.,.,.,.,.,.,.,.,.,.,.,.,1,1,.,1,3,1,5,1390
68,5/19/2020,11,.,2,1,8,.,1,1,2,1,3,1,.,.,.,.,.,.,.,.,.,.,.,.,.,1,2,.,2,1,3,3,1401
69,5/20/2020,12,.,1,1,10,.,1,1,2,1,8,5,.,.,.,.,.,.,.,.,.,.,.,.,.,1,1,.,1,1,1,7,1413
70,5/21/2020,12,.,1,1,10,.,1,1,2,3,9,2,.,.,.,.,.,.,.,.,.,.,.,.,.,1,1,.,1,1,2,9,1425
71,5/22/2020,9,.,1,1,8,.,1,1,1,5,4,1,.,.,.,.,.,.,.,.,.,.,.,.,.,1,2,.,1,1,2,4,1434
72,5/23/2020,19,.,1,6,17,.,1,1,1,2,8,2,.,.,.,.,.,.,.,.,.,.,.,.,.,1,1,.,1,1,2,8,1453
73,5/24/2020,14,.,2,2,12,.,2,1,3,2,10,5,.,.,.,.,.,.,.,.,.,.,.,.,.,1,1,.,1,1,5,9,1467
74,5/25/2020,8,.,1,2,5,.,3,1,1,5,2,7,.,.,.,.,.,.,.,.,.,.,.,.,.,1,2,.,1,1,1,1,1475
75,5/26/2020,11,.,1,1,8,.,2,2,4,7,7,1,.,.,.,.,.,.,.,.,.,.,.,.,.,1,5,.,1,1,2,5,1486
76,5/27/2020,13,.,1,1,11,.,2,1,3,1,8,2,.,.,.,.,.,.,.,.,.,.,.,.,.,1,1,.,1,2,1,6,1499
77,5/28/2020,6,.,1,1,4,.,1,2,4,2,4,3,.,.,.,.,.,.,.,.,.,.,.,.,.,2,2,.,1,1,1,4,1505
78,5/29/2020,9,.,1,1,7,.,1,2,5,2,7,8,.,.,.,.,.,.,.,.,.,.,.,.,.,1,1,.,1,1,1,6,1514
79,5/30/2020,11,.,2,1,9,.,1,1,1,3,7,3,.,.,.,.,.,.,.,.,.,.,.,.,.,1,1,.,1,3,2,6,1525
80,5/31/2020,8,.,2,1,7,.,1,1,3,2,3,4,.,.,.,.,.,.,.,.,.,.,.,.,.,1,5,.,1,2,2,3,1533
81,6/1/2020,5,.,1,1,4,.,1,1,1,1,4,4,.,.,.,.,.,.,.,.,.,.,.,.,.,1,1,.,1,1,3,4,1538
82,6/2/2020,5,.,1,2,4,.,1,1,1,2,3,6,.,.,.,.,.,.,.,.,.,.,.,.,.,1,2,.,.,1,1,2,1543
83,6/3/2020,7,.,1,1,6,.,1,1,2,1,4,3,.,.,.,.,.,.,.,.,.,.,.,.,.,1,1,.,.,1,1,3,1550
84,6/4/2020,6,.,2,1,6,.,1,1,2,2,4,6,.,.,.,.,.,.,.,.,.,.,.,.,.,1,2,.,.,2,1,4,1556
85,6/5/2020,14,.,1,2,8,.,1,3,2,4,7,3,.,.,.,.,.,.,.,.,.,.,.,.,.,3,2,.,.,1,1,5,1570
86,6/6/2020,8,.,1,3,6,.,1,1,3,1,5,8,.,.,.,.,.,.,.,.,.,.,.,.,.,1,1,.,.,2,2,4,1578
87,6/7/2020,8,.,1,1,6,.,1,1,1,2,3,5,.,.,.,.,.,.,.,.,.,.,.,.,.,2,3,.,.,1,2,3,1586
88,6/8/2020,11,.,1,1,11,.,1,1,2,3,5,5,.,.,.,.,.,.,.,.,.,.,.,.,.,2,2,.,.,1,1,5,1597
89,6/9/2020,6,.,1,1,6,.,1,1,1,5,5,5,.,.,.,.,.,.,.,.,.,.,.,.,.,1,1,.,.,2,1,5,1603
90,6/10/2020,11,.,2,2,9,.,2,1,1,1,7,9,.,.,.,.,.,.,.,.,.,.,.,.,.,1,5,.,.,1,1,6,1614
91,6/11/2020,6,.,1,1,5,.,1,1,2,2,4,3,.,.,.,.,.,.,.,.,.,.,.,.,.,1,1,.,.,1,3,4,1620
92,6/12/2020,7,.,2,1,7,.,1,1,2,1,6,7,.,.,.,.,.,.,.,.,.,.,.,.,.,1,3,.,.,1,1,6,1627
93,6/13/2020,4,.,1,1,3,.,1,1,2,1,2,4,.,.,.,.,.,.,.,.,.,.,.,.,.,2,4,.,.,2,1,2,1631
94,6/14/2020,6,.,1,1,6,.,1,2,1,3,3,9,.,.,.,.,.,.,.,.,.,.,.,.,.,1,4,.,.,1,1,3,1637
95,6/16/2020,2,.,2,1,2,.,1,2,1,1,3,8,.,.,.,.,.,.,.,.,.,.,.,.,.,2,2,.,.,1,2,3,1639
96,6/17/2020,4,.,1,1,3,.,1,1,2,1,1,4,.,.,.,.,.,.,.,.,.,.,.,.,.,4,2,.,.,1,1,1,1643
97,6/18/2020,4,.,1,1,4,.,1,1,4,2,2,2,.,.,.,.,.,.,.,.,.,.,.,.,.,5,2,.,.,1,1,1,1647
98,6/19/2020,3,.,2,1,2,.,1,3,1,2,2,3,.,.,.,.,.,.,.,.,.,.,.,.,.,2,5,.,.,1,1,2,1650
99,6/20/2020,3,.,2,1,2,.,.,2,1,1,2,6,.,.,.,.,.,.,.,.,.,.,.,.,.,3,1,.,.,1,1,2,1653
100,6/21/2020,5,.,1,1,4,.,.,1,1,1,2,1,.,.,.,.,.,.,.,.,.,.,.,.,.,1,3,.,.,1,1,1,1658
101,6/22/2020,3,.,1,1,1,.,.,1,2,2,2,4,.,.,.,.,.,.,.,.,.,.,.,.,.,2,2,.,.,1,2,2,1661
102,6/24/2020,2,.,2,2,2,.,.,1,2,1,1,3,.,.,.,.,.,.,.,.,.,.,.,.,.,2,1,.,.,1,1,1,1663
103,6/26/2020,1,.,1,1,1,.,.,3,3,1,1,7,.,.,.,.,.,.,.,.,.,.,.,.,.,4,3,.,.,2,1,1,1664
104,6/27/2020,2,.,1,1,2,.,.,1,1,3,3,4,.,.,.,.,.,.,.,.,.,.,.,.,.,3,5,.,.,1,1,1,1666
105,6/28/2020,2,.,1,2,2,.,.,2,2,1,2,3,.,.,.,.,.,.,.,.,.,.,.,.,.,1,6,.,.,1,2,1,1668
106,6/29/2020,4,.,1,1,2,.,.,1,1,1,1,2,.,.,.,.,.,.,.,.,.,.,.,.,.,3,2,.,.,1,1,1,1672
107,7/1/2020,4,.,1,1,3,.,.,1,1,1,1,5,.,.,.,.,.,.,.,.,.,.,.,.,.,3,6,.,.,1,2,1,1676
108,7/2/2020,3,.,1,2,2,.,.,3,1,1,1,2,.,.,.,.,.,.,.,.,.,.,.,.,.,1,3,.,.,1,4,2,1679
109,7/4/2020,2,.,1,2,2,.,.,1,3,1,2,3,.,.,.,.,.,.,.,.,.,.,.,.,.,4,5,.,.,1,2,1,1681
110,7/5/2020,2,.,1,1,4,.,.,1,1,3,1,2,.,.,.,.,.,.,.,.,.,.,.,.,.,3,1,.,.,1,1,1,1683
111,7/7/2020,4,.,1,1,2,.,.,2,1,3,1,2,.,.,.,.,.,.,.,.,.,.,.,.,.,7,1,.,.,1,4,1,1687
112,7/8/2020,2,.,1,2,2,.,.,1,1,1,1,3,.,.,.,.,.,.,.,.,.,.,.,.,.,2,1,.,.,1,2,3,1689
113,7/9/2020,2,.,1,1,1,.,.,2,2,1,3,2,.,.,.,.,.,.,.,.,.,.,.,.,.,1,7,.,.,1,1,1,1691
114,7/10/2020,4,.,1,2,5,.,.,1,1,1,1,2,.,.,.,.,.,.,.,.,.,.,.,.,.,2,2,.,.,1,2,2,1695
115,7/11/2020,6,.,.,1,4,.,.,1,3,1,2,4,.,.,.,.,.,.,.,.,.,.,.,.,.,3,1,.,.,.,1,2,1701
116,7/12/2020,4,.,.,1,3,.,.,1,4,1,2,1,.,.,.,.,.,.,.,.,.,.,.,.,.,3,1,.,.,.,1,2,1705
117,7/13/2020,3,.,.,1,3,.,.,1,2,1,2,3,.,.,.,.,.,.,.,.,.,.,.,.,.,6,4,.,.,.,1,2,1708
118,7/14/2020,3,.,.,1,3,.,.,1,1,2,2,4,.,.,.,.,.,.,.,.,.,.,.,.,.,2,1,.,.,.,1,4,1711
119,7/15/2020,3,.,.,1,6,.,.,1,2,1,4,2,.,.,.,.,.,.,.,.,.,.,.,.,.,1,2,.,.,.,1,5,1714
120,7/16/2020,7,.,.,1,3,.,.,1,5,2,5,2,.,.,.,.,.,.,.,.,.,.,.,.,.,2,2,.,.,.,2,1,1721
121,7/17/2020,4,.,.,1,6,.,.,1,2,1,2,1,.,.,.,.,.,.,.,.,.,.,.,.,.,4,4,.,.,.,2,1,1725
122,7/18/2020,8,.,.,1,6,.,.,1,1,1,1,3,.,.,.,.,.,.,.,.,.,.,.,.,.,2,2,.,.,.,1,2,1733
123,7/19/2020,7,.,.,1,2,.,.,1,2,1,3,2,.,.,.,.,.,.,.,.,.,.,.,.,.,4,5,.,.,.,1,2,1740
124,7/20/2020,4,.,.,1,2,.,.,1,2,1,2,1,.,.,.,.,.,.,.,.,.,.,.,.,.,4,2,.,.,.,2,3,1744
125,7/21/2020,4,.,.,3,2,.,.,1,1,1,3,1,.,.,.,.,.,.,.,.,.,.,.,.,.,3,3,.,.,.,1,1,1748
126,7/22/2020,4,.,.,3,3,.,.,1,1,1,1,2,.,.,.,.,.,.,.,.,.,.,.,.,.,2,4,.,.,.,1,2,1752
127,7/23/2020,3,.,.,1,6,.,.,1,1,1,2,1,.,.,.,.,.,.,.,.,.,.,.,.,.,1,5,.,.,.,1,4,1755
128,7/24/2020,7,.,.,1,1,.,.,1,1,1,4,1,.,.,.,.,.,.,.,.,.,.,.,.,.,2,5,.,.,.,1,3,1762
129,7/26/2020,1,.,.,4,4,.,.,1,1,1,3,2,.,.,.,.,.,.,.,.,.,.,.,.,.,2,5,.,.,.,1,1,1763
130,7/27/2020,4,.,.,2,5,.,.,2,1,1,1,3,.,.,.,.,.,.,.,.,.,.,.,.,.,1,3,.,.,.,1,4,1767
131,7/28/2020,5,.,.,1,4,.,.,1,3,1,4,1,.,.,.,.,.,.,.,.,.,.,.,.,.,1,1,.,.,.,1,6,1772
132,7/29/2020,5,.,.,1,3,.,.,1,2,1,6,1,.,.,.,.,.,.,.,.,.,.,.,.,.,3,1,.,.,.,2,2,1777
133,7/30/2020,4,.,.,1,2,.,.,1,1,1,2,1,.,.,.,.,.,.,.,.,.,.,.,.,.,1,3,.,.,.,1,3,1781
134,7/31/2020,2,.,.,1,6,.,.,1,2,1,4,1,.,.,.,.,.,.,.,.,.,.,.,.,.,3,1,.,.,.,2,1,1783
135,8/1/2020,7,.,.,4,10,.,.,1,2,1,1,1,.,.,.,.,.,.,.,.,.,.,.,.,.,2,2,.,.,.,1,1,1790
136,8/3/2020,10,.,.,1,2,.,.,1,1,1,1,1,.,.,.,.,.,.,.,.,.,.,.,.,.,3,4,.,.,.,1,1,1800
137,8/4/2020,3,.,.,1,6,.,.,1,2,2,2,1,.,.,.,.,.,.,.,.,.,.,.,.,.,1,3,.,.,.,1,5,1803
138,8/5/2020,7,.,.,1,2,.,.,1,2,2,5,1,.,.,.,.,.,.,.,.,.,.,.,.,.,2,1,.,.,.,1,4,1810
139,8/6/2020,2,.,.,7,1,.,.,1,1,1,4,1,.,.,.,.,.,.,.,.,.,.,.,.,.,1,1,.,.,.,1,2,1812
140,8/7/2020,2,.,.,4,1,.,.,1,1,1,2,1,.,.,.,.,.,.,.,.,.,.,.,.,.,4,1,.,.,.,1,3,1814
141,8/9/2020,2,.,.,1,6,.,.,1,1,2,4,1,.,.,.,.,.,.,.,.,.,.,.,.,.,3,4,.,.,.,1,2,1816
142,8/10/2020,8,.,.,2,7,.,.,1,2,2,2,1,.,.,.,.,.,.,.,.,.,.,.,.,.,1,1,.,.,.,1,1,1824
143,8/11/2020,7,.,.,2,4,.,.,1,2,1,2,1,.,.,.,.,.,.,.,.,.,.,.,.,.,1,2,.,.,.,3,2,1831
144,8/12/2020,5,.,.,2,4,.,.,1,1,1,2,1,.,.,.,.,.,.,.,.,.,.,.,.,.,2,2,.,.,.,2,1,1836
145,8/13/2020,5,.,.,4,3,.,.,1,1,2,2,1,.,.,.,.,.,.,.,.,.,.,.,.,.,3,2,.,.,.,2,2,1841
146,8/14/2020,5,.,.,5,2,.,.,1,2,1,2,3,.,.,.,.,.,.,.,.,.,.,.,.,.,1,2,.,.,.,1,1,1846
147,8/15/2020,4,.,.,3,3,.,.,1,1,1,2,1,.,.,.,.,.,.,.,.,.,.,.,.,.,2,3,.,.,.,4,1,1850
148,8/16/2020,4,.,.,2,2,.,.,1,2,1,1,1,.,.,.,.,.,.,.,.,.,.,.,.,.,1,1,.,.,.,1,1,1854
149,8/18/2020,3,.,.,4,3,.,.,2,1,1,1,1,.,.,.,.,.,.,.,.,.,.,.,.,.,1,2,.,.,.,1,1,1857
150,8/19/2020,3,.,.,2,2,.,.,1,1,.,1,1,.,.,.,.,.,.,.,.,.,.,.,.,.,1,1,.,.,.,1,1,1860
151,8/20/2020,4,.,.,4,4,.,.,2,1,.,1,1,.,.,.,.,.,.,.,.,.,.,.,.,.,1,1,.,.,.,2,2,1864
152,8/21/2020,4,.,.,5,1,.,.,2,1,.,2,1,.,.,.,.,.,.,.,.,.,.,.,.,.,1,1,.,.,.,2,2,1868
153,8/22/2020,3,.,.,3,1,.,.,1,1,.,2,1,.,.,.,.,.,.,.,.,.,.,.,.,.,3,1,.,.,.,1,3,1871
154,8/23/2020,1,.,.,6,1,.,.,1,2,.,3,1,.,.,.,.,.,.,.,.,.,.,.,.,.,1,1,.,.,.,1,2,1872
155,8/24/2020,2,.,.,7,1,.,.,.,2,.,2,1,.,.,.,.,.,.,.,.,.,.,.,.,.,1,1,.,.,.,1,1,1874
156,8/25/2020,1,.,.,6,1,.,.,.,1,.,1,1,.,.,.,.,.,.,.,.,.,.,.,.,.,1,2,.,.,.,2,5,1875
157,8/26/2020,1,.,.,7,1,.,.,.,4,.,5,1,.,.,.,.,.,.,.,.,.,.,.,.,.,1,2,.,.,.,2,1,1876
158,8/27/2020,1,.,.,5,4,.,.,.,1,.,1,1,.,.,.,.,.,.,.,.,.,.,.,.,.,1,1,.,.,.,1,3,1877
159,8/28/2020,5,.,.,5,2,.,.,.,2,.,3,1,.,.,.,.,.,.,.,.,.,.,.,.,.,1,2,.,.,.,1,2,1882
160,8/29/2020,2,.,.,3,6,.,.,.,2,.,2,1,.,.,.,.,.,.,.,.,.,.,.,.,.,1,2,.,.,.,2,2,1884
161,8/30/2020,6,.,.,8,2,.,.,.,3,.,3,1,.,.,.,.,.,.,.,.,.,.,.,.,.,2,1,.,.,.,1,2,1890
162,8/31/2020,2,.,.,9,1,.,.,.,1,.,3,1,.,.,.,.,.,.,.,.,.,.,.,.,.,1,2,.,.,.,3,1,1892
163,9/1/2020,2,.,.,5,6,.,.,.,4,.,1,1,.,.,.,.,.,.,.,.,.,.,.,.,.,2,1,.,.,.,3,4,1894
164,9/2/2020,6,.,.,5,2,.,.,.,1,.,5,1,.,.,.,.,.,.,.,.,.,.,.,.,.,1,1,.,.,.,3,1,1900
165,9/4/2020,4,.,.,6,5,.,.,.,2,.,1,2,.,.,.,.,.,.,.,.,.,.,.,.,.,1,1,.,.,.,2,2,1904
166,9/5/2020,5,.,.,9,2,.,.,.,1,.,3,1,.,.,.,.,.,.,.,.,.,.,.,.,.,1,2,.,.,.,1,1,1909
167,9/6/2020,2,.,.,1,2,.,.,.,2,.,1,1,.,.,.,.,.,.,.,.,.,.,.,.,.,1,1,.,.,.,5,1,1911
168,9/7/2020,3,.,.,7,3,.,.,.,3,.,1,1,.,.,.,.,.,.,.,.,.,.,.,.,.,2,1,.,.,.,6,1,1914
169,9/8/2020,4,.,.,1,2,.,.,.,1,.,1,1,.,.,.,.,.,.,.,.,.,.,.,.,.,1,1,.,.,.,5,1,1918
170,9/9/2020,3,.,.,7,5,.,.,.,2,.,1,1,.,.,.,.,.,.,.,.,.,.,.,.,.,1,1,.,.,.,5,1,1921
171,9/10/2020,7,.,.,4,2,.,.,.,1,.,1,3,.,.,.,.,.,.,.,.,.,.,.,.,.,1,1,.,.,.,3,4,1928
172,9/11/2020,2,.,.,11,2,.,.,.,2,.,4,2,.,.,.,.,.,.,.,.,.,.,.,.,.,1,1,.,.,.,8,4,1930
173,9/12/2020,3,.,.,10,1,.,.,.,2,.,4,1,.,.,.,.,.,.,.,.,.,.,.,.,.,1,2,.,.,.,4,2,1933
174,9/13/2020,2,.,.,8,2,.,.,.,1,.,2,1,.,.,.,.,.,.,.,.,.,.,.,.,.,3,3,.,.,.,8,1,1935
175,9/14/2020,2,.,.,8,1,.,.,.,2,.,1,.,.,.,.,.,.,.,.,.,.,.,.,.,.,1,1,.,.,.,4,1,1937
176,9/15/2020,1,.,.,11,4,.,.,.,3,.,1,.,.,.,.,.,.,.,.,.,.,.,.,.,.,1,1,.,.,.,5,6,1938
177,9/17/2020,4,.,.,9,2,.,.,.,2,.,6,.,.,.,.,.,.,.,.,.,.,.,.,.,.,1,1,.,.,.,2,2,1942
178,9/19/2020,3,.,.,12,4,.,.,.,6,.,2,.,.,.,.,.,.,.,.,.,.,.,.,.,.,1,1,.,.,.,4,3,1945
179,9/20/2020,4,.,.,6,7,.,.,.,3,.,3,.,.,.,.,.,.,.,.,.,.,.,.,.,.,1,1,.,.,.,6,2,1949
180,9/21/2020,7,.,.,2,5,.,.,.,3,.,2,.,.,.,.,.,.,.,.,.,.,.,.,.,.,1,1,.,.,.,4,4,1956
181,9/22/2020,5,.,.,3,1,.,.,.,2,.,4,.,.,.,.,.,.,.,.,.,.,.,.,.,.,3,1,.,.,.,7,2,1961
182,9/23/2020,1,.,.,12,1,.,.,.,2,.,2,.,.,.,.,.,.,.,.,.,.,.,.,.,.,2,1,.,.,.,7,2,1962
183,9/24/2020,2,.,.,6,6,.,.,.,7,.,2,.,.,.,.,.,.,.,.,.,.,.,.,.,.,1,2,.,.,.,5,1,1964
184,9/25/2020,6,.,.,6,2,.,.,.,6,.,1,.,.,.,.,.,.,.,.,.,.,.,.,.,.,1,2,.,.,.,5,2,1970
185,9/26/2020,2,.,.,6,2,.,.,.,7,.,2,.,.,.,.,.,.,.,.,.,.,.,.,.,.,1,1,.,.,.,8,2,1972
186,9/27/2020,3,.,.,10,4,.,.,.,6,.,2,.,.,.,.,.,.,.,.,.,.,.,.,.,.,1,2,.,.,.,7,2,1975
187,9/28/2020,1,.,.,4,2,.,.,.,4,.,2,.,.,.,.,.,.,.,.,.,.,.,.,.,.,1,2,.,.,.,6,2,1976
188,9/29/2020,5,.,.,6,7,.,.,.,9,.,3,.,.,.,.,.,.,.,.,.,.,.,.,.,.,1,1,.,.,.,10,2,1981
189,9/30/2020,2,.,.,4,5,.,.,.,6,.,4,.,.,.,.,.,.,.,.,.,.,.,.,.,.,1,2,.,.,.,10,5,1983
190,10/1/2020,7,.,.,6,4,.,.,.,10,.,5,.,.,.,.,.,.,.,.,.,.,.,.,.,.,2,1,.,.,.,3,2,1990
191,10/2/2020,5,.,.,1,1,.,.,.,5,.,4,.,.,.,.,.,.,.,.,.,.,.,.,.,.,1,1,.,.,.,6,3,1995
192,10/3/2020,4,.,.,3,3,.,.,.,7,.,4,.,.,.,.,.,.,.,.,.,.,.,.,.,.,2,1,.,.,.,16,2,1999
193,10/4/2020,1,.,.,7,2,.,.,.,6,.,2,.,.,.,.,.,.,.,.,.,.,.,.,.,.,3,3,.,.,.,11,3,2000
194,10/5/2020,3,.,.,4,3,.,.,.,10,.,4,.,.,.,.,.,.,.,.,.,.,.,.,.,.,2,4,.,.,.,6,2,2003
195,10/6/2020,2,.,.,3,4,.,.,.,8,.,2,.,.,.,.,.,.,.,.,.,.,.,.,.,.,1,1,.,.,.,9,4,2005
196,10/7/2020,4,.,.,8,3,.,.,.,7,.,4,.,.,.,.,.,.,.,.,.,.,.,.,.,.,2,1,.,.,.,13,5,2009
197,10/8/2020,6,.,.,8,8,.,.,.,9,.,7,.,.,.,.,.,.,.,.,.,.,.,.,.,.,1,4,.,.,.,7,3,2015
198,10/9/2020,5,.,.,5,2,.,.,.,9,.,3,.,.,.,.,.,.,.,.,.,.,.,.,.,.,2,2,.,.,.,11,3,2020
199,10/10/2020,9,.,.,8,6,.,.,.,7,.,4,.,.,.,.,.,.,.,.,.,.,.,.,.,.,2,2,.,.,.,7,1,2029
200,10/12/2020,5,.,.,3,2,.,.,.,9,.,1,.,.,.,.,.,.,.,.,.,.,.,.,.,.,1,1,.,.,.,7,3,2034
201,10/13/2020,9,.,.,9,3,.,.,.,13,.,3,.,.,.,.,.,.,.,.,.,.,.,.,.,.,1,1,.,.,.,7,3,2043
202,10/14/2020,3,.,.,3,2,.,.,.,8,.,3,.,.,.,.,.,.,.,.,.,.,.,.,.,.,2,1,.,.,.,15,2,2046
203,10/15/2020,4,.,.,5,6,.,.,.,9,.,2,.,.,.,.,.,.,.,.,.,.,.,.,.,.,1,1,.,.,.,7,4,2050
204,10/16/2020,2,.,.,2,5,.,.,.,13,.,4,.,.,.,.,.,.,.,.,.,.,.,.,.,.,1,3,.,.,.,10,3,2052
205,10/17/2020,6,.,.,7,5,.,.,.,11,.,3,.,.,.,.,.,.,.,.,.,.,.,.,.,.,.,1,.,.,.,9,2,2058
206,10/18/2020,9,.,.,5,5,.,.,.,4,.,2,.,.,.,.,.,.,.,.,.,.,.,.,.,.,.,2,.,.,.,4,3,2067
207,10/19/2020,5,.,.,3,2,.,.,.,6,.,4,.,.,.,.,.,.,.,.,.,.,.,.,.,.,.,3,.,.,.,8,4,2072
208,10/20/2020,7,.,.,1,4,.,.,.,20,.,4,.,.,.,.,.,.,.,.,.,.,.,.,.,.,.,2,.,.,.,7,12,2079
209,10/21/2020,2,.,.,4,4,.,.,.,14,.,14,.,.,.,.,.,.,.,.,.,.,.,.,.,.,.,2,.,.,.,10,5,2081
210,10/22/2020,4,.,.,6,5,.,.,.,13,.,6,.,.,.,.,.,.,.,.,.,.,.,.,.,.,.,1,.,.,.,8,6,2085
211,10/23/2020,4,.,.,2,3,.,.,.,12,.,6,.,.,.,.,.,.,.,.,.,.,.,.,.,.,.,2,.,.,.,9,3,2089
212,10/24/2020,6,.,.,1,7,.,.,.,14,.,3,.,.,.,.,.,.,.,.,.,.,.,.,.,.,.,4,.,.,.,8,8,2095
213,10/25/2020,3,.,.,4,7,.,.,.,9,.,8,.,.,.,.,.,.,.,.,.,.,.,.,.,.,.,3,.,.,.,8,3,2098
214,10/26/2020,7,.,.,6,4,.,.,.,14,.,3,.,.,.,.,.,.,.,.,.,.,.,.,.,.,.,1,.,.,.,8,9,2105
215,10/27/2020,8,.,.,5,4,.,.,.,10,.,9,.,.,.,.,.,.,.,.,.,.,.,.,.,.,.,2,.,.,.,10,8,2113
216,10/28/2020,4,.,.,3,6,.,.,.,14,.,13,.,.,.,.,.,.,.,.,.,.,.,.,.,.,.,1,.,.,.,2,8,2117
217,10/29/2020,6,.,.,4,13,.,.,.,9,.,8,.,.,.,.,.,.,.,.,.,.,.,.,.,.,.,3,.,.,.,2,11,2123
218,10/30/2020,7,.,.,2,7,.,.,.,17,.,11,.,.,.,.,.,.,.,.,.,.,.,.,.,.,.,1,.,.,.,8,11,2130
219,10/31/2020,17,.,.,3,8,.,.,.,9,.,12,.,.,.,.,.,.,.,.,.,.,.,.,.,.,.,1,.,.,.,8,6,2147
220,11/1/2020,9,.,.,2,4,.,.,.,15,.,8,.,.,.,.,.,.,.,.,.,.,.,.,.,.,.,1,.,.,.,3,10,2156
221,11/2/2020,8,.,.,2,11,.,.,.,11,.,11,.,.,.,.,.,.,.,.,.,.,.,.,.,.,.,2,.,.,.,4,9,2164
222,11/3/2020,4,.,.,3,4,.,.,.,9,.,10,.,.,.,.,.,.,.,.,.,.,.,.,.,.,.,1,.,.,.,7,12,2168
223,11/4/2020,12,.,.,2,14,.,.,.,12,.,17,.,.,.,.,.,.,.,.,.,.,.,.,.,.,.,2,.,.,.,5,18,2180
224,11/5/2020,4,.,.,5,10,.,.,.,11,.,19,.,.,.,.,.,.,.,.,.,.,.,.,.,.,.,4,.,.,.,6,27,2184
225,11/6/2020,15,.,.,1,13,.,.,.,12,.,27,.,.,.,.,.,.,.,.,.,.,.,.,.,.,.,3,.,.,.,6,8,2199
226,11/7/2020,17,.,.,2,17,.,.,.,9,.,10,.,.,.,.,.,.,.,.,.,.,.,.,.,.,.,2,.,.,.,5,13,2216
227,11/8/2020,18,.,.,1,14,.,.,.,11,.,14,.,.,.,.,.,.,.,.,.,.,.,.,.,.,.,2,.,.,.,2,17,2234
228,11/9/2020,18,.,.,5,12,.,.,.,10,.,19,.,.,.,.,.,.,.,.,.,.,.,.,.,.,.,2,.,.,.,3,22,2252
229,11/10/2020,16,.,.,3,13,.,.,.,8,.,24,.,.,.,.,.,.,.,.,.,.,.,.,.,.,.,1,.,.,.,6,17,2268
230,11/11/2020,14,.,.,1,16,.,.,.,9,.,18,.,.,.,.,.,.,.,.,.,.,.,.,.,.,.,2,.,.,.,5,24,2282
231,11/12/2020,15,.,.,3,19,.,.,.,10,.,28,.,.,.,.,.,.,.,.,.,.,.,.,.,.,.,2,.,.,.,5,18,2297
232,11/13/2020,20,.,.,3,30,.,.,.,3,.,20,.,.,.,.,.,.,.,.,.,.,.,.,.,.,.,2,.,.,.,5,15,2317
233,11/14/2020,24,.,.,2,36,.,.,.,2,.,16,.,.,.,.,.,.,.,.,.,.,.,.,.,.,.,1,.,.,.,4,20,2341
234,11/15/2020,33,.,.,2,14,.,.,.,11,.,25,.,.,.,.,.,.,.,.,.,.,.,.,.,.,.,.,.,.,.,4,15,2374
235,11/16/2020,38,.,.,2,23,.,.,.,9,.,16,.,.,.,.,.,.,.,.,.,.,.,.,.,.,.,.,.,.,.,3,20,2412
236,11/17/2020,18,.,.,3,25,.,.,.,3,.,23,.,.,.,.,.,.,.,.,.,.,.,.,.,.,.,.,.,.,.,3,25,2430
237,11/18/2020,26,.,.,1,37,.,.,.,7,.,26,.,.,.,.,.,.,.,.,.,.,.,.,.,.,.,.,.,.,.,1,29,2456
238,11/19/2020,30,.,.,4,23,.,.,.,10,.,33,.,.,.,.,.,.,.,.,.,.,.,.,.,.,.,.,.,.,.,1,20,2486
239,11/20/2020,42,.,.,3,33,.,.,.,8,.,24,.,.,.,.,.,.,.,.,.,.,.,.,.,.,.,.,.,.,.,1,36,2528
240,11/21/2020,26,.,.,3,26,.,.,.,7,.,38,.,.,.,.,.,.,.,.,.,.,.,.,.,.,.,.,.,.,.,1,22,2554
241,11/22/2020,40,.,.,2,29,.,.,.,8,.,25,.,.,.,.,.,.,.,.,.,.,.,.,.,.,.,.,.,.,.,2,20,2594
242,11/23/2020,33,.,.,1,29,.,.,.,6,.,23,.,.,.,.,.,.,.,.,.,.,.,.,.,.,.,.,.,.,.,2,32,2627
243,11/24/2020,38,.,.,1,24,.,.,.,6,.,37,.,.,.,.,.,.,.,.,.,.,.,.,.,.,.,.,.,.,.,4,34,2665
244,11/25/2020,36,.,.,1,28,.,.,.,6,.,35,.,.,.,.,.,.,.,.,.,.,.,.,.,.,.,.,.,.,.,1,38,2701
245,11/26/2020,29,.,.,3,34,.,.,.,7,.,41,.,.,.,.,.,.,.,.,.,.,.,.,.,.,.,.,.,.,.,2,29,2730
246,11/27/2020,34,.,.,1,37,.,.,.,6,.,30,.,.,.,.,.,.,.,.,.,.,.,.,.,.,.,.,.,.,.,1,41,2764
247,11/28/2020,38,.,.,2,27,.,.,.,5,.,44,.,.,.,.,.,.,.,.,.,.,.,.,.,.,.,.,.,.,.,1,27,2802
248,11/29/2020,45,.,.,1,55,.,.,.,6,.,28,.,.,.,.,.,.,.,.,.,.,.,.,.,.,.,.,.,.,.,1,26,2847
249,11/30/2020,37,.,.,1,33,.,.,.,4,.,29,.,.,.,.,.,.,.,.,.,.,.,.,.,.,.,.,.,.,.,3,43,2884
250,12/1/2020,62,.,.,2,31,.,.,.,4,.,48,.,.,.,.,.,.,.,.,.,.,.,.,.,.,.,.,.,.,.,1,38,2946
251,12/2/2020,39,.,.,1,46,.,.,.,5,.,46,.,.,.,.,.,.,.,.,.,.,.,.,.,.,.,.,.,.,.,2,43,2985
252,12/3/2020,39,.,.,1,49,.,.,.,6,.,45,.,.,.,.,.,.,.,.,.,.,.,.,.,.,.,.,.,.,.,2,51,3024
253,12/4/2020,55,.,.,1,47,.,.,.,1,.,57,.,.,.,.,.,.,.,.,.,.,.,.,.,.,.,.,.,.,.,1,47,3079
254,12/5/2020,51,.,.,3,40,.,.,.,1,.,50,.,.,.,.,.,.,.,.,.,.,.,.,.,.,.,.,.,.,.,2,42,3130
255,12/6/2020,55,.,.,3,59,.,.,.,2,.,47,.,.,.,.,.,.,.,.,.,.,.,.,.,.,.,.,.,.,.,3,36,3185
256,12/7/2020,42,.,.,1,42,.,.,.,4,.,37,.,.,.,.,.,.,.,.,.,.,.,.,.,.,.,.,.,.,.,1,49,3227
257,12/8/2020,68,.,.,1,34,.,.,.,3,.,51,.,.,.,.,.,.,.,.,.,.,.,.,.,.,.,.,.,.,.,2,36,3295
258,12/9/2020,46,.,.,3,58,.,.,.,2,.,37,.,.,.,.,.,.,.,.,.,.,.,.,.,.,.,.,.,.,.,2,45,3341
259,12/10/2020,45,.,.,3,57,.,.,.,5,.,53,.,.,.,.,.,.,.,.,.,.,.,.,.,.,.,.,.,.,.,1,48,3386
260,12/11/2020,70,.,.,2,56,.,.,.,1,.,50,.,.,.,.,.,.,.,.,.,.,.,.,.,.,.,.,.,.,.,2,35,3456
261,12/12/2020,67,.,.,1,66,.,.,.,2,.,37,.,.,.,.,.,.,.,.,.,.,.,.,.,.,.,.,.,.,.,1,37,3523
262,12/13/2020,65,.,.,1,60,.,.,.,1,.,40,.,.,.,.,.,.,.,.,.,.,.,.,.,.,.,.,.,.,.,1,40,3588
263,12/14/2020,78,.,.,2,56,.,.,.,2,.,44,.,.,.,.,.,.,.,.,.,.,.,.,.,.,.,.,.,.,.,2,41,3666
264,12/15/2020,70,.,.,1,57,.,.,.,2,.,42,.,.,.,.,.,.,.,.,.,.,.,.,.,.,.,.,.,.,.,3,30,3736
265,12/16/2020,69,.,.,1,68,.,.,.,3,.,32,.,.,.,.,.,.,.,.,.,.,.,.,.,.,.,.,.,.,.,2,36,3805
266,12/17/2020,63,.,.,1,47,.,.,.,1,.,38,.,.,.,.,.,.,.,.,.,.,.,.,.,.,.,.,.,.,.,1,38,3868
267,12/18/2020,72,.,.,1,65,.,.,.,3,.,43,.,.,.,.,.,.,.,.,.,.,.,.,.,.,.,.,.,.,.,1,26,3940
268,12/19/2020,50,.,.,2,65,.,.,.,5,.,26,.,.,.,.,.,.,.,.,.,.,.,.,.,.,.,.,.,.,.,2,31,3990
269,12/20/2020,80,.,.,2,48,.,.,.,1,.,33,.,.,.,.,.,.,.,.,.,.,.,.,.,.,.,.,.,.,.,1,32,4070
270,12/21/2020,71,.,.,3,52,.,.,.,1,.,37,.,.,.,.,.,.,.,.,.,.,.,.,.,.,.,.,.,.,.,1,24,4141
271,12/22/2020,56,.,.,1,56,.,.,.,3,.,27,.,.,.,.,.,.,.,.,.,.,.,.,.,.,.,.,.,.,.,1,24,4197
272,12/23/2020,60,.,.,1,58,.,.,.,5,.,29,.,.,.,.,.,.,.,.,.,.,.,.,.,.,.,.,.,.,.,1,21,4257
273,12/24/2020,67,.,.,3,47,.,.,.,2,.,26,.,.,.,.,.,.,.,.,.,.,.,.,.,.,.,.,.,.,.,2,26,4324
274,12/25/2020,62,.,.,1,52,.,.,.,2,.,32,.,.,.,.,.,.,.,.,.,.,.,.,.,.,.,.,.,.,.,2,16,4386
275,12/26/2020,53,.,.,2,62,.,.,.,2,.,21,.,.,.,.,.,.,.,.,.,.,.,.,.,.,.,.,.,.,.,2,17,4439
276,12/27/2020,56,.,.,2,45,.,.,.,2,.,22,.,.,.,.,.,.,.,.,.,.,.,.,.,.,.,.,.,.,.,1,20,4495
277,12/28/2020,69,.,.,3,45,.,.,.,3,.,20,.,.,.,.,.,.,.,.,.,.,.,.,.,.,.,.,.,.,.,1,25,4564
278,12/29/2020,46,.,.,2,46,.,.,.,2,.,28,.,.,.,.,.,.,.,.,.,.,.,.,.,.,.,.,.,.,.,1,17,4610
279,12/30/2020,48,.,.,3,31,.,.,.,2,.,20,.,.,.,.,.,.,.,.,.,.,.,.,.,.,.,.,.,.,.,1,24,4658
280,12/31/2020,53,.,.,2,40,.,.,.,1,.,25,.,.,.,.,.,.,.,.,.,.,.,.,.,.,.,.,.,.,.,1,13,4711
281,1/1/2021,36,.,.,3,31,.,.,.,4,.,14,.,.,.,.,.,.,.,.,.,.,.,.,.,.,.,.,.,.,.,1,16,4747
282,1/2/2021,45,.,.,2,39,.,.,.,3,.,19,.,.,.,.,.,.,.,.,.,.,.,.,.,.,.,.,.,.,.,1,17,4792
283,1/3/2021,40,.,.,2,24,.,.,.,1,.,18,.,.,.,.,.,.,.,.,.,.,.,.,.,.,.,.,.,.,.,1,12,4832
284,1/4/2021,48,.,.,1,31,.,.,.,2,.,14,.,.,.,.,.,.,.,.,.,.,.,.,.,.,.,.,.,.,.,2,15,4880
285,1/5/2021,30,.,.,1,31,.,.,.,1,.,15,.,.,.,.,.,.,.,.,.,.,.,.,.,.,.,.,.,.,.,1,17,4910
286,1/6/2021,40,.,.,1,34,.,.,.,2,.,21,.,.,.,.,.,.,.,.,.,.,.,.,.,.,.,.,.,.,.,3,17,4950
287,1/7/2021,35,.,.,1,25,.,.,.,2,.,20,.,.,.,.,.,.,.,.,.,.,.,.,.,.,.,.,.,.,.,2,21,4985
288,1/8/2021,43,.,.,1,36,.,.,.,2,.,22,.,.,.,.,.,.,.,.,.,.,.,.,.,.,.,.,.,.,.,1,15,5028
289,1/9/2021,30,.,.,3,20,.,.,.,1,.,15,.,.,.,.,.,.,.,.,.,.,.,.,.,.,.,.,.,.,.,2,9,5058
290,1/10/2021,42,.,.,8,24,.,.,.,1,.,10,.,.,.,.,.,.,.,.,.,.,.,.,.,.,.,.,.,.,.,1,15,5100
291,1/11/2021,22,.,.,3,25,.,.,.,2,.,16,.,.,.,.,.,.,.,.,.,.,.,.,.,.,.,.,.,.,.,2,14,5122
292,1/12/2021,32,.,.,1,21,.,.,.,1,.,19,.,.,.,.,.,.,.,.,.,.,.,.,.,.,.,.,.,.,.,1,16,5154
293,1/13/2021,30,.,.,5,25,.,.,.,1,.,16,.,.,.,.,.,.,.,.,.,.,.,.,.,.,.,.,.,.,.,1,10,5184
294,1/14/2021,25,.,.,2,26,.,.,.,3,.,12,.,.,.,.,.,.,.,.,.,.,.,.,.,.,.,.,.,.,.,2,12,5209
295,1/15/2021,26,.,.,2,25,.,.,.,2,.,15,.,.,.,.,.,.,.,.,.,.,.,.,.,.,.,.,.,.,.,2,13,5235
296,1/16/2021,30,.,.,1,28,.,.,.,1,.,13,.,.,.,.,.,.,.,.,.,.,.,.,.,.,.,.,.,.,.,2,12,5265
297,1/17/2021,31,.,.,3,20,.,.,.,2,.,14,.,.,.,.,.,.,.,.,.,.,.,.,.,.,.,.,.,.,.,3,11,5296
298,1/18/2021,31,.,.,1,14,.,.,.,2,.,11,.,.,.,.,.,.,.,.,.,.,.,.,.,.,.,.,.,.,.,1,10,5327
299,1/19/2021,21,.,.,2,23,.,.,.,1,.,11,.,.,.,.,.,.,.,.,.,.,.,.,.,.,.,.,.,.,.,3,16,5348
300,1/20/2021,19,.,.,2,17,.,.,.,1,.,18,.,.,.,.,.,.,.,.,.,.,.,.,.,.,.,.,.,.,.,3,14,5367
301,1/21/2021,29,.,.,1,20,.,.,.,1,.,16,.,.,.,.,.,.,.,.,.,.,.,.,.,.,.,.,.,.,.,1,11,5396
302,1/22/2021,23,.,.,2,12,.,.,.,1,.,12,.,.,.,.,.,.,.,.,.,.,.,.,.,.,.,.,.,.,.,1,13,5419
303,1/23/2021,20,.,.,5,15,.,.,.,1,.,16,.,.,.,.,.,.,.,.,.,.,.,.,.,.,.,.,.,.,.,2,12,5439
304,1/24/2021,16,.,.,1,18,.,.,.,2,.,13,.,.,.,.,.,.,.,.,.,.,.,.,.,.,.,.,.,.,.,1,3,5455
305,1/25/2021,21,.,.,1,16,.,.,.,2,.,5,.,.,.,.,.,.,.,.,.,.,.,.,.,.,.,.,.,.,.,7,16,5476
306,1/26/2021,21,.,.,4,16,.,.,.,1,.,16,.,.,.,.,.,.,.,.,.,.,.,.,.,.,.,.,.,.,.,3,11,5497
307,1/27/2021,19,.,.,5,13,.,.,.,2,.,12,.,.,.,.,.,.,.,.,.,.,.,.,.,.,.,.,.,.,.,2,12,5516
308,1/28/2021,18,.,.,5,19,.,.,.,1,.,13,.,.,.,.,.,.,.,.,.,.,.,.,.,.,.,.,.,.,.,1,8,5534
309,1/29/2021,14,.,.,3,15,.,.,.,3,.,9,.,.,.,.,.,.,.,.,.,.,.,.,.,.,.,.,.,.,.,2,8,5548
310,1/30/2021,22,.,.,2,14,.,.,.,1,.,9,.,.,.,.,.,.,.,.,.,.,.,.,.,.,.,.,.,.,.,2,16,5570
311,1/31/2021,18,.,.,4,16,.,.,.,2,.,17,.,.,.,.,.,.,.,.,.,.,.,.,.,.,.,.,.,.,.,2,9,5588
312,2/1/2021,17,.,.,2,19,.,.,.,1,.,10,.,.,.,.,.,.,.,.,.,.,.,.,.,.,.,.,.,.,.,1,6,5605
313,2/2/2021,21,.,.,3,10,.,.,.,1,.,8,.,.,.,.,.,.,.,.,.,.,.,.,.,.,.,.,.,.,.,1,5,5626
314,2/3/2021,20,.,.,4,18,.,.,.,1,.,7,.,.,.,.,.,.,.,.,.,.,.,.,.,.,.,.,.,.,.,1,14,5646
315,2/4/2021,12,.,.,5,15,.,.,.,1,.,14,.,.,.,.,.,.,.,.,.,.,.,.,.,.,.,.,.,.,.,1,8,5658
316,2/5/2021,19,.,.,1,15,.,.,.,1,.,9,.,.,.,.,.,.,.,.,.,.,.,.,.,.,.,.,.,.,.,1,15,5677
317,2/6/2021,20,.,.,1,10,.,.,.,1,.,16,.,.,.,.,.,.,.,.,.,.,.,.,.,.,.,.,.,.,.,3,5,5697
318,2/7/2021,20,.,.,5,11,.,.,.,1,.,7,.,.,.,.,.,.,.,.,.,.,.,.,.,.,.,.,.,.,.,2,3,5717
319,2/8/2021,11,.,.,1,20,.,.,.,3,.,5,.,.,.,.,.,.,.,.,.,.,.,.,.,.,.,.,.,.,.,3,7,5728
320,2/9/2021,14,.,.,3,11,.,.,.,2,.,7,.,.,.,.,.,.,.,.,.,.,.,.,.,.,.,.,.,.,.,1,7,5742
321,2/10/2021,24,.,.,4,10,.,.,.,4,.,8,.,.,.,.,.,.,.,.,.,.,.,.,.,.,.,.,.,.,.,3,4,5766
322,2/11/2021,13,.,.,2,7,.,.,.,5,.,6,.,.,.,.,.,.,.,.,.,.,.,.,.,.,.,.,.,.,.,1,5,5779
323,2/12/2021,13,.,.,6,18,.,.,.,2,.,5,.,.,.,.,.,.,.,.,.,.,.,.,.,.,.,.,.,.,.,.,5,5792
324,2/13/2021,9,.,.,3,10,.,.,.,3,.,7,.,.,.,.,.,.,.,.,.,.,.,.,.,.,.,.,.,.,.,.,7,5801
325,2/14/2021,18,.,.,3,17,.,.,.,1,.,8,.,.,.,.,.,.,.,.,.,.,.,.,.,.,.,.,.,.,.,.,6,5819
326,2/15/2021,13,.,.,1,7,.,.,.,1,.,7,.,.,.,.,.,.,.,.,.,.,.,.,.,.,.,.,.,.,.,.,5,5832
327,2/16/2021,19,.,.,4,4,.,.,.,1,.,5,.,.,.,.,.,.,.,.,.,.,.,.,.,.,.,.,.,.,.,.,4,5851
328,2/17/2021,12,.,.,5,8,.,.,.,4,.,4,.,.,.,.,.,.,.,.,.,.,.,.,.,.,.,.,.,.,.,.,3,5863
329,2/18/2021,8,.,.,3,9,.,.,.,3,.,5,.,.,.,.,.,.,.,.,.,.,.,.,.,.,.,.,.,.,.,.,3,5871
330,2/19/2021,8,.,.,2,7,.,.,.,3,.,4,.,.,.,.,.,.,.,.,.,.,.,.,.,.,.,.,.,.,.,.,2,5879
331,2/20/2021,12,.,.,5,6,.,.,.,3,.,2,.,.,.,.,.,.,.,.,.,.,.,.,.,.,.,.,.,.,.,.,3,5891
332,2/21/2021,9,.,.,2,9,.,.,.,3,.,4,.,.,.,.,.,.,.,.,.,.,.,.,.,.,.,.,.,.,.,.,6,5900
333,2/22/2021,7,.,.,2,8,.,.,.,1,.,6,.,.,.,.,.,.,.,.,.,.,.,.,.,.,.,.,.,.,.,.,6,5907
334,2/23/2021,12,.,.,2,6,.,.,.,3,.,7,.,.,.,.,.,.,.,.,.,.,.,.,.,.,.,.,.,.,.,.,2,5919
335,2/24/2021,11,.,.,1,5,.,.,.,1,.,2,.,.,.,.,.,.,.,.,.,.,.,.,.,.,.,.,.,.,.,.,4,5930
336,2/25/2021,9,.,.,2,6,.,.,.,5,.,5,.,.,.,.,.,.,.,.,.,.,.,.,.,.,.,.,.,.,.,.,8,5939
337,2/27/2021,5,.,.,2,6,.,.,.,1,.,9,.,.,.,.,.,.,.,.,.,.,.,.,.,.,.,.,.,.,.,.,5,5944
338,2/28/2021,7,.,.,1,4,.,.,.,3,.,1,.,.,.,.,.,.,.,.,.,.,.,.,.,.,.,.,.,.,.,.,1,5951
339,3/1/2021,8,.,.,2,3,.,.,.,1,.,6,.,.,.,.,.,.,.,.,.,.,.,.,.,.,.,.,.,.,.,.,2,5959
340,3/2/2021,5,.,.,2,5,.,.,.,3,.,1,.,.,.,.,.,.,.,.,.,.,.,.,.,.,.,.,.,.,.,.,1,5964
341,3/3/2021,4,.,.,1,7,.,.,.,4,.,2,.,.,.,.,.,.,.,.,.,.,.,.,.,.,.,.,.,.,.,.,2,5968
342,3/4/2021,7,.,.,1,7,.,.,.,2,.,1,.,.,.,.,.,.,.,.,.,.,.,.,.,.,.,.,.,.,.,.,5,5975
343,3/5/2021,7,.,.,.,3,.,.,.,1,.,3,.,.,.,.,.,.,.,.,.,.,.,.,.,.,.,.,.,.,.,.,3,5982
344,3/6/2021,8,.,.,.,6,.,.,.,7,.,7,.,.,.,.,.,.,.,.,.,.,.,.,.,.,.,.,.,.,.,.,4,5990
345,3/7/2021,4,.,.,.,9,.,.,.,2,.,6,.,.,.,.,.,.,.,.,.,.,.,.,.,.,.,.,.,.,.,.,1,5994
346,3/8/2021,8,.,.,.,2,.,.,.,3,.,5,.,.,.,.,.,.,.,.,.,.,.,.,.,.,.,.,.,.,.,.,4,6002
347,3/10/2021,10,.,.,.,6,.,.,.,2,.,1,.,.,.,.,.,.,.,.,.,.,.,.,.,.,.,.,.,.,.,.,1,6012
348,3/11/2021,3,.,.,.,2,.,.,.,2,.,4,.,.,.,.,.,.,.,.,.,.,.,.,.,.,.,.,.,.,.,.,1,6015
349,3/12/2021,9,.,.,.,2,.,.,.,2,.,1,.,.,.,.,.,.,.,.,.,.,.,.,.,.,.,.,.,.,.,.,3,6024
350,3/13/2021,5,.,.,.,3,.,.,.,4,.,1,.,.,.,.,.,.,.,.,.,.,.,.,.,.,.,.,.,.,.,.,2,6029
351,3/14/2021,3,.,.,.,3,.,.,.,4,.,5,.,.,.,.,.,.,.,.,.,.,.,.,.,.,.,.,.,.,.,.,4,6032
352,3/16/2021,3,.,.,.,7,.,.,.,3,.,4,.,.,.,.,.,.,.,.,.,.,.,.,.,.,.,.,.,.,.,.,3,6035
353,3/17/2021,4,.,.,.,5,.,.,.,2,.,5,.,.,.,.,.,.,.,.,.,.,.,.,.,.,.,.,.,.,.,.,3,6039
354,3/18/2021,10,.,.,.,5,.,.,.,1,.,2,.,.,.,.,.,.,.,.,.,.,.,.,.,.,.,.,.,.,.,.,2,6049
355,3/20/2021,8,.,.,.,1,.,.,.,1,.,3,.,.,.,.,.,.,.,.,.,.,.,.,.,.,.,.,.,.,.,.,2,6057
356,3/21/2021,7,.,.,.,5,.,.,.,3,.,3,.,.,.,.,.,.,.,.,.,.,.,.,.,.,.,.,.,.,.,.,1,6064
357,3/22/2021,1,.,.,.,3,.,.,.,3,.,3,.,.,.,.,.,.,.,.,.,.,.,.,.,.,.,.,.,.,.,.,1,6065
358,3/23/2021,5,.,.,.,1,.,.,.,1,.,1,.,.,.,.,.,.,.,.,.,.,.,.,.,.,.,.,.,.,.,.,3,6070
359,3/25/2021,4,.,.,.,4,.,.,.,2,.,3,.,.,.,.,.,.,.,.,.,.,.,.,.,.,.,.,.,.,.,.,5,6074
360,3/26/2021,2,.,.,.,3,.,.,.,4,.,1,.,.,.,.,.,.,.,.,.,.,.,.,.,.,.,.,.,.,.,.,1,6076
361,3/28/2021,7,.,.,.,4,.,.,.,2,.,1,.,.,.,.,.,.,.,.,.,.,.,.,.,.,.,.,.,.,.,.,4,6083
362,3/29/2021,5,.,.,.,2,.,.,.,3,.,5,.,.,.,.,.,.,.,.,.,.,.,.,.,.,.,.,.,.,.,.,3,6088
363,3/30/2021,5,.,.,.,5,.,.,.,1,.,2,.,.,.,.,.,.,.,.,.,.,.,.,.,.,.,.,.,.,.,.,2,6093
364,3/31/2021,4,.,.,.,4,.,.,.,3,.,6,.,.,.,.,.,.,.,.,.,.,.,.,.,.,.,.,.,.,.,.,1,6097
365,4/1/2021,6,.,.,.,2,.,.,.,1,.,3,.,.,.,.,.,.,.,.,.,.,.,.,.,.,.,.,.,.,.,.,3,6103
366,4/2/2021,4,.,.,.,1,.,.,.,.,.,1,.,.,.,.,.,.,.,.,.,.,.,.,.,.,.,.,.,.,.,.,3,6107
367,4/3/2021,3,.,.,.,3,.,.,.,.,.,4,.,.,.,.,.,.,.,.,.,.,.,.,.,.,.,.,.,.,.,.,1,6110
368,4/4/2021,3,.,.,.,2,.,.,.,.,.,5,.,.,.,.,.,.,.,.,.,.,.,.,.,.,.,.,.,.,.,.,1,6113
369,4/5/2021,5,.,.,.,2,.,.,.,.,.,2,.,.,.,.,.,.,.,.,.,.,.,.,.,.,.,.,.,.,.,.,1,6118
370,4/7/2021,5,.,.,.,3,.,.,.,.,.,3,.,.,.,.,.,.,.,.,.,.,.,.,.,.,.,.,.,.,.,.,2,6123
371,4/9/2021,3,.,.,.,3,.,.,.,.,.,4,.,.,.,.,.,.,.,.,.,.,.,.,.,.,.,.,.,.,.,.,1,6126
372,4/10/2021,5,.,.,.,5,.,.,.,.,.,4,.,.,.,.,.,.,.,.,.,.,.,.,.,.,.,.,.,.,.,.,1,6131
373,4/11/2021,6,.,.,.,1,.,.,.,.,.,3,.,.,.,.,.,.,.,.,.,.,.,.,.,.,.,.,.,.,.,.,4,6137
374,4/12/2021,7,.,.,.,2,.,.,.,.,.,2,.,.,.,.,.,.,.,.,.,.,.,.,.,.,.,.,.,.,.,.,2,6144
375,4/13/2021,4,.,.,.,4,.,.,.,.,.,1,.,.,.,.,.,.,.,.,.,.,.,.,.,.,.,.,.,.,.,.,1,6148
376,4/14/2021,5,.,.,.,3,.,.,.,.,.,3,.,.,.,.,.,.,.,.,.,.,.,.,.,.,.,.,.,.,.,.,2,6153
377,4/16/2021,4,.,.,.,3,.,.,.,.,.,2,.,.,.,.,.,.,.,.,.,.,.,.,.,.,.,.,.,.,.,.,5,6157
378,4/17/2021,7,.,.,.,2,.,.,.,.,.,2,.,.,.,.,.,.,.,.,.,.,.,.,.,.,.,.,.,.,.,.,2,6164
379,4/18/2021,5,.,.,.,3,.,.,.,.,.,1,.,.,.,.,.,.,.,.,.,.,.,.,.,.,.,.,.,.,.,.,3,6169
380,4/19/2021,5,.,.,.,3,.,.,.,.,.,5,.,.,.,.,.,.,.,.,.,.,.,.,.,.,.,.,.,.,.,.,5,6174
381,4/20/2021,5,.,.,.,1,.,.,.,.,.,6,.,.,.,.,.,.,.,.,.,.,.,.,.,.,.,.,.,.,.,.,1,6179
382,4/21/2021,5,.,.,.,1,.,.,.,.,.,6,.,.,.,.,.,.,.,.,.,.,.,.,.,.,.,.,.,.,.,.,2,6184
383,4/22/2021,4,.,.,.,2,.,.,.,.,.,4,.,.,.,.,.,.,.,.,.,.,.,.,.,.,.,.,.,.,.,.,2,6188
384,4/23/2021,4,.,.,.,3,.,.,.,.,.,1,.,.,.,.,.,.,.,.,.,.,.,.,.,.,.,.,.,.,.,.,5,6192
385,4/24/2021,4,.,.,.,1,.,.,.,.,.,9,.,.,.,.,.,.,.,.,.,.,.,.,.,.,.,.,.,.,.,.,3,6196
386,4/25/2021,3,.,.,.,3,.,.,.,.,.,4,.,.,.,.,.,.,.,.,.,.,.,.,.,.,.,.,.,.,.,.,4,6199
387,4/27/2021,4,.,.,.,7,.,.,.,.,.,5,.,.,.,.,.,.,.,.,.,.,.,.,.,.,.,.,.,.,.,.,2,6203
388,4/28/2021,1,.,.,.,4,.,.,.,.,.,5,.,.,.,.,.,.,.,.,.,.,.,.,.,.,.,.,.,.,.,.,3,6204
389,4/29/2021,2,.,.,.,2,.,.,.,.,.,2,.,.,.,.,.,.,.,.,.,.,.,.,.,.,.,.,.,.,.,.,5,6206
390,4/30/2021,3,.,.,.,4,.,.,.,.,.,3,.,.,.,.,.,.,.,.,.,.,.,.,.,.,.,.,.,.,.,.,4,6209
391,5/1/2021,8,.,.,.,7,.,.,.,.,.,3,.,.,.,.,.,.,.,.,.,.,.,.,.,.,.,.,.,.,.,.,6,6217
392,5/2/2021,8,.,.,.,6,.,.,.,.,.,5,.,.,.,.,.,.,.,.,.,.,.,.,.,.,.,.,.,.,.,.,2,6225
393,5/3/2021,11,.,.,.,4,.,.,.,.,.,3,.,.,.,.,.,.,.,.,.,.,.,.,.,.,.,.,.,.,.,.,6,6236
394,5/4/2021,9,.,.,.,5,.,.,.,.,.,5,.,.,.,.,.,.,.,.,.,.,.,.,.,.,.,.,.,.,.,.,4,6245
395,5/5/2021,1,.,.,.,1,.,.,.,.,.,1,.,.,.,.,.,.,.,.,.,.,.,.,.,.,.,.,.,.,.,.,4,6246
396,5/6/2021,12,.,.,.,3,.,.,.,.,.,5,.,.,.,.,.,.,.,.,.,.,.,.,.,.,.,.,.,.,.,.,3,6258
397,5/7/2021,9,.,.,.,6,.,.,.,.,.,4,.,.,.,.,.,.,.,.,.,.,.,.,.,.,.,.,.,.,.,.,5,6267
398,5/8/2021,6,.,.,.,8,.,.,.,.,.,5,.,.,.,.,.,.,.,.,.,.,.,.,.,.,.,.,.,.,.,.,2,6273
399,5/9/2021,7,.,.,.,5,.,.,.,.,.,6,.,.,.,.,.,.,.,.,.,.,.,.,.,.,.,.,.,.,.,.,4,6280
400,5/10/2021,4,.,.,.,8,.,.,.,.,.,6,.,.,.,.,.,.,.,.,.,.,.,.,.,.,.,.,.,.,.,.,4,6284
401,5/11/2021,6,.,.,.,1,.,.,.,.,.,5,.,.,.,.,.,.,.,.,.,.,.,.,.,.,.,.,.,.,.,.,4,6290
402,5/12/2021,10,.,.,.,2,.,.,.,.,.,8,.,.,.,.,.,.,.,.,.,.,.,.,.,.,.,.,.,.,.,.,4,6300
403,5/13/2021,9,.,.,.,7,.,.,.,.,.,6,.,.,.,.,.,.,.,.,.,.,.,.,.,.,.,.,.,.,.,.,1,6309
404,5/14/2021,7,.,.,.,5,.,.,.,.,.,5,.,.,.,.,.,.,.,.,.,.,.,.,.,.,.,.,.,.,.,.,6,6316
405,5/15/2021,9,.,.,.,8,.,.,.,.,.,3,.,.,.,.,.,.,.,.,.,.,.,.,.,.,.,.,.,.,.,.,9,6325
406,5/17/2021,4,.,.,.,6,.,.,.,.,.,6,.,.,.,.,.,.,.,.,.,.,.,.,.,.,.,.,.,.,.,.,1,6329
407,5/18/2021,7,.,.,.,2,.,.,.,.,.,4,.,.,.,.,.,.,.,.,.,.,.,.,.,.,.,.,.,.,.,.,4,6336
408,5/19/2021,8,.,.,.,7,.,.,.,.,.,8,.,.,.,.,.,.,.,.,.,.,.,.,.,.,.,.,.,.,.,.,3,6344
409,5/20/2021,8,.,.,.,7,.,.,.,.,.,7,.,.,.,.,.,.,.,.,.,.,.,.,.,.,.,.,.,.,.,.,5,6352
410,5/21/2021,12,.,.,.,9,.,.,.,.,.,5,.,.,.,.,.,.,.,.,.,.,.,.,.,.,.,.,.,.,.,.,4,6364
411,5/22/2021,6,.,.,.,6,.,.,.,.,.,4,.,.,.,.,.,.,.,.,.,.,.,.,.,.,.,.,.,.,.,.,1,6370
412,5/23/2021,7,.,.,.,5,.,.,.,.,.,3,.,.,.,.,.,.,.,.,.,.,.,.,.,.,.,.,.,.,.,.,2,6377
413,5/24/2021,12,.,.,.,4,.,.,.,.,.,7,.,.,.,.,.,.,.,.,.,.,.,.,.,.,.,.,.,.,.,.,4,6389
414,5/25/2021,10,.,.,.,5,.,.,.,.,.,11,.,.,.,.,.,.,.,.,.,.,.,.,.,.,.,.,.,.,.,.,5,6399
415,5/26/2021,12,.,.,.,12,.,.,.,.,.,3,.,.,.,.,.,.,.,.,.,.,.,.,.,.,.,.,.,.,.,.,4,6411
416,5/27/2021,10,.,.,.,5,.,.,.,.,.,2,.,.,.,.,.,.,.,.,.,.,.,.,.,.,.,.,.,.,.,.,9,6421
417,5/28/2021,8,.,.,.,8,.,.,.,.,.,6,.,.,.,.,.,.,.,.,.,.,.,.,.,.,.,.,.,.,.,.,2,6429
418,5/30/2021,7,.,.,.,2,.,.,.,.,.,4,.,.,.,.,.,.,.,.,.,.,.,.,.,.,.,.,.,.,.,.,2,6436
419,5/31/2021,9,.,.,.,9,.,.,.,.,.,7,.,.,.,.,.,.,.,.,.,.,.,.,.,.,.,.,.,.,.,.,3,6445
420,6/1/2021,17,.,.,.,11,.,.,.,.,.,5,.,.,.,.,.,.,.,.,.,.,.,.,.,.,.,.,.,.,.,.,5,6462
421,6/2/2021,8,.,.,.,2,.,.,.,.,.,4,.,.,.,.,.,.,.,.,.,.,.,.,.,.,.,.,.,.,.,.,1,6470
422,6/3/2021,9,.,.,.,6,.,.,.,.,.,6,.,.,.,.,.,.,.,.,.,.,.,.,.,.,.,.,.,.,.,.,2,6479
423,6/4/2021,7,.,.,.,5,.,.,.,.,.,7,.,.,.,.,.,.,.,.,.,.,.,.,.,.,.,.,.,.,.,.,6,6486
424,6/5/2021,11,.,.,.,5,.,.,.,.,.,7,.,.,.,.,.,.,.,.,.,.,.,.,.,.,.,.,.,.,.,.,3,6497
425,6/6/2021,15,.,.,.,4,.,.,.,.,.,6,.,.,.,.,.,.,.,.,.,.,.,.,.,.,.,.,.,.,.,.,3,6512
426,6/7/2021,5,.,.,.,3,.,.,.,.,.,11,.,.,.,.,.,.,.,.,.,.,.,.,.,.,.,.,.,.,.,.,1,6517
427,6/8/2021,4,.,.,.,5,.,.,.,.,.,2,.,.,.,.,.,.,.,.,.,.,.,.,.,.,.,.,.,.,.,.,1,6521
428,6/9/2021,13,.,.,.,4,.,.,.,.,.,1,.,.,.,.,.,.,.,.,.,.,.,.,.,.,.,.,.,.,.,.,1,6534
429,6/10/2021,8,.,.,.,6,.,.,.,.,.,2,.,.,.,.,.,.,.,.,.,.,.,.,.,.,.,.,.,.,.,.,2,6542
430,6/14/2021,8,.,.,.,5,.,.,.,.,.,3,.,.,.,.,.,.,.,.,.,.,.,.,.,.,.,.,.,.,.,.,1,6550
431,6/1/2021,5,.,.,.,10,.,.,.,.,.,7,.,.,.,.,.,.,.,.,.,.,.,.,.,.,.,.,.,.,.,.,.,6555
432,6/2/2021,8,.,.,.,2,.,.,.,.,.,1,.,.,.,.,.,.,.,.,.,.,.,.,.,.,.,.,.,.,.,.,.,6563
433,6/3/2021,11,.,.,.,1,.,.,.,.,.,2,.,.,.,.,.,.,.,.,.,.,.,.,.,.,.,.,.,.,.,.,.,6574
434,6/4/2021,8,.,.,.,3,.,.,.,.,.,8,.,.,.,.,.,.,.,.,.,.,.,.,.,.,.,.,.,.,.,.,.,6582
435,6/5/2021,9,.,.,.,7,.,.,.,.,.,5,.,.,.,.,.,.,.,.,.,.,.,.,.,.,.,.,.,.,.,.,.,6591
436,6/6/2021,11,.,.,.,8,.,.,.,.,.,3,.,.,.,.,.,.,.,.,.,.,.,.,.,.,.,.,.,.,.,.,.,6602
437,6/7/2021,12,.,.,.,1,.,.,.,.,.,1,.,.,.,.,.,.,.,.,.,.,.,.,.,.,.,.,.,.,.,.,.,6614
438,6/8/2021,4,.,.,.,6,.,.,.,.,.,1,.,.,.,.,.,.,.,.,.,.,.,.,.,.,.,.,.,.,.,.,.,6618
439,6/9/2021,4,.,.,.,10,.,.,.,.,.,1,.,.,.,.,.,.,.,.,.,.,.,.,.,.,.,.,.,.,.,.,.,6622
440,6/10/2021,4,.,.,.,4,.,.,.,.,.,2,.,.,.,.,.,.,.,.,.,.,.,.,.,.,.,.,.,.,.,.,.,6626
441,6/14/2021,9,.,.,.,6,.,.,.,.,.,2,.,.,.,.,.,.,.,.,.,.,.,.,.,.,.,.,.,.,.,.,.,6635
442,6/7/2021,11,.,.,.,2,.,.,.,.,.,.,.,.,.,.,.,.,.,.,.,.,.,.,.,.,.,.,.,.,.,.,.,6646
443,6/8/2021,1,.,.,.,1,.,.,.,.,.,.,.,.,.,.,.,.,.,.,.,.,.,.,.,.,.,.,.,.,.,.,.,6647
444,6/9/2021,7,.,.,.,1,.,.,.,.,.,.,.,.,.,.,.,.,.,.,.,.,.,.,.,.,.,.,.,.,.,.,.,6654
445,6/10/2021,12,.,.,.,3,.,.,.,.,.,.,.,.,.,.,.,.,.,.,.,.,.,.,.,.,.,.,.,.,.,.,.,6666
446,6/14/2021,6,.,.,.,2,.,.,.,.,.,.,.,.,.,.,.,.,.,.,.,.,.,.,.,.,.,.,.,.,.,.,.,6672
447,6/6/2021,7,.,.,.,.,.,.,.,.,.,.,.,.,.,.,.,.,.,.,.,.,.,.,.,.,.,.,.,.,.,.,.,6679
448,6/7/2021,2,.,.,.,.,.,.,.,.,.,.,.,.,.,.,.,.,.,.,.,.,.,.,.,.,.,.,.,.,.,.,.,6681
449,6/8/2021,1,.,.,.,.,.,.,.,.,.,.,.,.,.,.,.,.,.,.,.,.,.,.,.,.,.,.,.,.,.,.,.,6682
450,6/9/2021,1,.,.,.,.,.,.,.,.,.,.,.,.,.,.,.,.,.,.,.,.,.,.,.,.,.,.,.,.,.,.,.,6683
451,6/10/2021,3,.,.,.,.,.,.,.,.,.,.,.,.,.,.,.,.,.,.,.,.,.,.,.,.,.,.,.,.,.,.,.,6686
452,6/14/2021,3,.,.,.,.,.,.,.,.,.,.,.,.,.,.,.,.,.,.,.,.,.,.,.,.,.,.,.,.,.,.,.,6689